<?xml version="1.0" encoding="UTF-8"?>
<project-private xmlns="http://www.netbeans.org/ns/project-private/1">
    <editor-bookmarks xmlns="http://www.netbeans.org/ns/editor-bookmarks/2" lastBookmarkId="0"/>
    <open-files xmlns="http://www.netbeans.org/ns/projectui-open-files/2">
        <group>
            <file>file:/C:/Users/User%20ID/Downloads/prakpbo8_mvc/prakpbo8_mvc/src/Main/Main.java</file>
            <file>file:/C:/Users/User%20ID/Downloads/prakpbo8_mvc/prakpbo8_mvc/src/Model/Mahasiswa/InterfaceDAOMahasiswa.java</file>
            <file>file:/C:/Users/User%20ID/Downloads/prakpbo8_mvc/prakpbo8_mvc/src/View/Mahasiswa/InputData.java</file>
            <file>file:/C:/Users/User%20ID/Downloads/prakpbo8_mvc/prakpbo8_mvc/src/Model/Connector.java</file>
            <file>file:/C:/Users/User%20ID/Downloads/prakpbo8_mvc/prakpbo8_mvc/src/Model/Mahasiswa/Mahasiswa.java</file>
            <file>file:/C:/Users/User%20ID/Downloads/prakpbo8_mvc/prakpbo8_mvc/src/Model/Mahasiswa/ModelTable.java</file>
            <file>file:/C:/Users/User%20ID/Downloads/prakpbo8_mvc/prakpbo8_mvc/src/View/Mahasiswa/ViewData.java</file>
            <file>file:/C:/Users/User%20ID/Downloads/prakpbo8_mvc/prakpbo8_mvc/src/Model/Mahasiswa/DAOMahasiswa.java</file>
            <file>file:/C:/Users/User%20ID/Downloads/prakpbo8_mvc/prakpbo8_mvc/src/Controller/ControllerMahasiswa.java</file>
            <file>file:/C:/Users/User%20ID/Downloads/prakpbo8_mvc/prakpbo8_mvc/src/View/Mahasiswa/EditData.java</file>
        </group>
    </open-files>
</project-private>
